Region,Overall Growth Rate (%)
Midwest,16.581817537422285
Northeast,496.82396390296833
South,378.96671556202625
Southeast,196.46483248188207
West,-106.75556549457693
